FX,GrowthPct,IncomePct,ExpensePct,BaseValue,MarketValue,UnrealizedGain,RealizedGain,Invest,Dispose,Dividends,Fees
4,0,0,0,100000,150000,0,0,0,0,0,0
3.6,3.5,17.5,0.035,100500,155750,5250.000000000001,0,500,0,26753.125,53.50625000000001
3.6,3.5,17.5,0.035,87594.70304975924,141201.25,5451.250000000001,7094.7030497592295,0,-20000,25983.234375,51.966468750000004
3.6,2.5,12.5,0.025,88094.70304975924,145231.28125,3530.03125,0,500,0,17902.033203125,35.80406640625
4,2.5,12.5,0.025,88094.70304975924,148862.06328125,3630.7820312500003,0,0,0,18380.834033203126,36.76166806640626
4,2.5,12.5,0.025,88094.70304975924,152583.61486328125,1860.7757910156215,62628.1360225064,0,150722.83907226563,18840.354884033204,37.68070976806641
4,0,0,0.025,0,0,0,0,0,0,0,19.072951857910155
