FX,GrowthPct,IncomePct,ExpensePct,BaseValueUSD,marketValuesUSD,UnrealizedGain,RealizedGain,Invest,Dispose,Dividends,Fees
4,0,0,0,25000,35000,0,0,0,0,0,0
3.6,3.5,17.5,0.035,27916.666666666664,43263.88888888889,1458.3333333333335,0,138.88888888888889,0,7431.423611111111,14.862847222222225
3.6,3.5,17.5,0.035,24331.861958266454,39222.569444444445,1514.2361111111113,1970.7508471553415,0,-5555.555555555556,7217.565104166666,14.435130208333334
3.6,2.5,12.5,0.025,24470.75084715534,40342.022569444445,980.5642361111111,0,138.88888888888889,0,4972.787000868056,9.94557400173611
4,2.5,12.5,0.025,22023.67576243981,37215.5158203125,907.6955078125001,0,0,0,4595.208508300781,9.190417016601565
4,2.5,12.5,0.025,22023.67576243981,38145.903715820314,465.1939477539054,15657.0340056266,0,37680.70976806641,4710.088721008301,9.420177442016602
4,0,0,0.025,0,0,0,0,0,0,0,4.768237964477539
