index,FX,GrowthPct,IncomePct,ExpensePct,BaseValue,MarketValue,UnrealizedGain,RealizedGain,Invest,Dispose,Financial Income - UB Dividend,Bank Fees,Tax
2024,4.1149,0,0,0,1000000,30425000,0,0,0,0,0,0,0
2025,3.6,3.5,17.5,-0.035,1000500,31490375,1064875,0,500,0,5417595.3125,-10835.190625,0
2026,3.6,3.5,17.5,-0.035,999864.5677449062,32572538.125,1102163.125,19364.56774490618,0,-20000,5605504.8984375,-11211.009796875,-4841.141936226545
2027,3.6,2.5,12.5,-0.025,1000364.5677449062,33387351.578125,814313.453125,0,500,0,4122493.1064453125,-8244.986212890626,0
2028,4,2,10,-0.02,1000364.5677449062,34055098.6096875,667747.0315625,0,0,0,3372122.509390625,-6744.245018781251,0
2029,4,2,10,-0.02,1000364.5677449062,34736200.58188125,340550.9860968739,33395285.028039467,0,34395649.59578437,3439564.9595784373,-6879.129919156874,-8348821.257009867
2030,4,0,0,0,0,0,0,0,0,0,0,0,0
