FX,GrowthPct,IncomePct,ExpensePct,BaseValue,MarketValue,UnrealizedGain,RealizedGain,Invest,Dispose,Dividends,ManagementFees
1,0,0,0,10000,10500,0,0,0,0,0,0
1,3.5,5.25,0.35000000000000003,10500,11367.5,367.50000000000006,0,500,0,574.021875,38.268125000000005
1,3.5,5.25,0.35000000000000003,8652.62810644381,9765.3625,397.8625,152.6281064438092,0,-2000,554.737640625,36.98250937500001
1,2.5,3.75,0.25,8652.62810644381,10009.496562499999,244.1340625,0,0,0,370.778607421875,24.718573828125
1,2,3,0.2,8652.62810644381,10209.68649375,200.18993124999997,0,0,0,303.2877458437499,20.219183056249996
1,2,3,0.2,8652.62810644381,10413.880223625,102.09686493749996,1659.1552522436887,0,10311.783358687499,309.35350076062497,20.623566717375
1,0,0,0.2,0,0,0,0,0,0,0,10.413880223624998
