FX,GrowthPct,IncomePct,ExpensePct,BaseValue,MarketValue,UnrealizedGain,RealizedGain,Invest,Dispose,Dividends,ManagementFees
1,0,0,0,10000,10500,0,0,0,0,0,0
1,3.5,5.25,0.35000000000000003,10500,11367.5,367.50000000000006,0,500,0,574.021875,38.268125000000005
1,3.5,5.25,0.35000000000000003,8652.62810644381,9765.3625,397.8625,152.6281064438092,0,-2000,554.737640625,36.98250937500001
1,2.5,3.75,0.25,8652.62810644381,10009.496562499999,244.1340625,0,0,0,370.778607421875,24.718573828125
1,2.5,3.75,0.25,8652.62810644381,10259.733976562498,250.23741406249997,0,0,0,380.0480726074218,25.33653817382812
1,2.5,3.75,0.25,8652.62810644381,10516.22732597656,128.24667470703116,1735.3525448257187,0,10387.980651269529,389.54927442260737,25.96995162817382
1,0,0,0.25,0,0,0,0,0,0,0,13.145284157470702
