FX,GrowthPct,IncomePct,ExpensePct,BaseValue,MarketValue,UnrealizedGain,RealizedGain,Invest,Dispose,Rental - Spain,Property - Other,Tax
0.9507500000000001,0,0,0,400000,400000,0,0,0,0,0,0,0
0.9,3.5,3.5,-17.5,400000,414000,14000.000000000002,0,0,0,14245,-71225,0
0.9,3.5,3.5,-17.5,400000,428490,14490.000000000002,0,0,0,14743.575,-73717.875,0
0.9,2.5,2.5,-12.5,400000,439202.25,5356.125,33846.125,0,433846.125,10846.153125,-54230.765625,-8461.53125
0.95,0,0,-10,0,0,0,0,0,0,0,-21960.1125,0
0.95,0,0,-10,0,0,0,0,0,0,0,0,0
0.95,0,0,-10,0,0,0,0,0,0,0,0,0
