FX,GrowthPct,IncomePct,ExpensePct,BaseValueUSD,marketValuesUSD,UnrealizedGain,RealizedGain,Invest,Dispose,Dividends,Fees
4,0,0,0,25000,35000,0,0,0,0,0,0
3.6,3.5,17.5,0.035,27916.666666666664,43263.88888888889,1458.3333333333335,0,138.88888888888889,0,7431.423611111111,14.862847222222225
3.6,3.5,17.5,0.035,24331.861958266454,39222.569444444445,1514.2361111111113,1970.7508471553415,0,-5555.555555555556,7217.565104166666,14.435130208333334
3.6,2.5,12.5,0.025,24470.75084715534,40342.022569444445,980.5642361111111,0,138.88888888888889,0,4972.787000868056,9.94557400173611
4,2,10,0.02,22023.67576243981,37033.97671875,726.15640625,0,0,0,3667.0898515624995,7.334179703125
4,2,10,0.02,22023.67576243981,37774.656253124995,370.3397671874991,15380.640723497687,0,37404.316485937496,3740.4316485937497,7.480863297187499
4,0,0,0.02,0,0,0,0,0,0,0,3.7774656253124994
