FX,GrowthPct,IncomePct,ExpensePct,BaseValueUSD,marketValuesUSD,UnrealizedGain,RealizedGain,Invest,Dispose,Financial Income - UB Dividend,Bank Fees,Tax
4.1149,0,0,0,243019.27142822428,7393861.333203724,0,0,0,0,0,0,0
3.6,3.5,17.5,-0.035,277916.6666666667,8747326.388888888,295798.6111111111,0,138.88888888888889,0,1504887.5868055555,-3009.775173611111,0
3.6,3.5,17.5,-0.035,277740.15770691837,9047927.256944444,306156.4236111111,5379.046595807272,0,-5555.555555555556,1557084.6940104167,-3114.169388020833,-1344.761648951818
3.6,2.5,12.5,-0.025,277879.04659580725,9274264.327256944,226198.1814236111,0,138.88888888888889,0,1145136.9740125868,-2290.273948025174,0
4,2,10,-0.02,250091.14193622654,8513774.652421875,166936.757890625,0,0,0,843030.6273476563,-1686.0612546953128,0
4,2,10,-0.02,250091.14193622654,8684050.145470312,85137.74652421847,8348821.257009867,0,8598912.398946093,859891.2398946093,-1719.7824797892185,-2087205.3142524667
4,0,0,-0.02,0,0,0,0,0,0,0,-868.4050145470312,0
